Career,Skills
Data Scientist,"Python, R, SQL, Machine Learning, Deep Learning, Data Visualization, Statistics, Pandas, NumPy, TensorFlow"
Software Engineer,"Java, Python, C++, Data Structures, Algorithms, OOP, SQL, Git, REST APIs, Design Patterns"
Web Developer,"HTML, CSS, JavaScript, React, Angular, Node.js, Express.js, MongoDB, Git, REST APIs"
Mobile App Developer,"Java, Kotlin, Swift, Flutter, React Native, REST APIs, Firebase, UI/UX Design, Git, SQLite"
Machine Learning Engineer,"Python, TensorFlow, PyTorch, Scikit-learn, Pandas, NumPy, Statistics, Data Wrangling, NLP, Deployment"
Data Analyst,"SQL, Excel, Python, R, Tableau, Power BI, Data Cleaning, Data Visualization, Statistics, SAS"
Cloud Engineer,"AWS, Azure, Google Cloud, Kubernetes, Docker, Terraform, Linux, Networking, Python, Cloud Security"
DevOps Engineer,"Jenkins, Docker, Kubernetes, Git, Ansible, Terraform, Linux, Python, CI/CD, Cloud Platforms"
Cybersecurity Analyst,"Network Security, Ethical Hacking, Penetration Testing, Python, SIEM Tools, Firewalls, Encryption, Threat Analysis, Linux, Incident Response"
AI Engineer,"Python, TensorFlow, PyTorch, OpenCV, NLP, Deep Learning, Computer Vision, Reinforcement Learning, Data Preprocessing, Deployment"
Blockchain Developer,"Solidity, Ethereum, Hyperledger, Smart Contracts, Cryptography, Web3.js, Truffle, Node.js, JavaScript, Python"
Full-Stack Developer,"HTML, CSS, JavaScript, React, Angular, Node.js, Express.js, MongoDB, SQL, Git"
Game Developer,"Unity, Unreal Engine, C++, C#, Game Physics, Blender, Maya, Game AI, Shader Programming, Git"
Embedded Systems Engineer,"C, C++, Python, Embedded C, Microcontrollers, RTOS, IoT Protocols, ARM Architecture, PCB Design, Sensors"
IoT Developer,"Arduino, Raspberry Pi, Python, MQTT, IoT Protocols, Embedded Systems, C, C++, Sensors, Networking"
Database Administrator (DBA),"SQL, PL/SQL, Oracle, MySQL, PostgreSQL, MongoDB, Database Security, Backup & Recovery, Data Modeling, Indexing"
Network Engineer,"Networking Protocols, Cisco IOS, Routing, Switching, Firewall Management, Network Security, Linux, Python, Cloud Networking, VPNs"
QA Engineer,"Selenium, JUnit, TestNG, Python, Java, Postman, Jenkins, CI/CD, Manual Testing, Performance Testing"
Big Data Engineer,"Hadoop, Spark, Hive, Pig, Kafka, Python, Scala, SQL, NoSQL, Data Warehousing"
Systems Analyst,"UML, SQL, Python, System Design, Requirements Gathering, Networking, Data Analysis, ITIL, ERP Systems, Troubleshooting"
AR/VR Developer,"Unity, Unreal Engine, C#, Blender, OpenGL, ARKit, ARCore, 3D Modeling, Maya, Game Development"
UI/UX Designer,"Figma, Adobe XD, Sketch, HTML, CSS, JavaScript, Prototyping, Wireframing, User Research, Usability Testing"
Robotics Engineer,"ROS, Python, C++, MATLAB, Mechanical Design, Embedded Systems, Computer Vision, PLC Programming, Sensors, CAD"
Ethical Hacker,"Kali Linux, Python, Metasploit, Wireshark, Penetration Testing, Vulnerability Assessment, Cybersecurity, Encryption, SIEM Tools, Forensics"
IT Support Specialist,"Networking, Troubleshooting, Windows Server, Linux, Python, Helpdesk Tools, Active Directory, Hardware, VPN, Security"
Business Intelligence Analyst,"Power BI, Tableau, SQL, Python, Data Modeling, Data Warehousing, Excel, Reporting, ETL Tools, Statistics"
Automation Engineer,"Selenium, Python, Java, Jenkins, Docker, Kubernetes, Ansible, Bash Scripting, CI/CD, PLC Programming"
Technical Writer,"Markdown, HTML, XML, Python, Git, API Documentation, CMS, Microsoft Word, Adobe FrameMaker, DITA"
Product Manager,"JIRA, Confluence, SQL, Data Analysis, Python, Roadmap Tools, Wireframing, Agile Methodology, Scrum, Prototyping"
SEO Specialist,"Google Analytics, SEMrush, HTML, CSS, JavaScript, Python, SEO Tools, Keyword Research, Website Optimization, Content Strategy"
System Administrator,"Linux, Windows Server, Networking, Python, Bash Scripting, Active Directory, Virtualization, Docker, Security, Backup"
Blockchain Architect,"Solidity, Hyperledger, Ethereum, Cryptography, Smart Contracts, Web3.js, Node.js, Python, Distributed Systems, Consensus Algorithms"
Technical Consultant,"SQL, Python, Cloud Platforms, ERP Systems, System Design, APIs, Networking, ITIL, Data Analysis, CRM Tools"
Video Editor,"Adobe Premiere Pro, Final Cut Pro, After Effects, Photoshop, DaVinci Resolve, Motion Graphics, Audio Editing, 3D Animation, Storyboarding, Compression"
Financial Analyst,"Excel, SQL, Python, Tableau, Power BI, Financial Modeling, Data Analysis, Reporting, Budgeting Tools, Statistics"
CAD Designer,"AutoCAD, SolidWorks, CATIA, SketchUp, Revit, 3D Modeling, Rendering, Mechanical Design, Blueprint Reading, CAM"
Energy Engineer,"MATLAB, Python, Energy Modeling Tools, AutoCAD, Renewable Energy Systems, Thermodynamics, PLC Programming, Data Analysis, Sensors, SCADA"
Biomedical Engineer,"MATLAB, Python, Medical Imaging, CAD, Embedded Systems, Sensors, Signal Processing, Data Analysis, Biotechnology Tools, AI in Healthcare"
Supply Chain Analyst,"SQL, Python, Tableau, SAP, Excel, Data Visualization, ERP Systems, Inventory Optimization, Forecasting, Logistics"
Actuary,"R, Python, Excel, SAS, SQL, Data Analysis, Probability, Statistics, Risk Modeling, Financial Modeling"
E-Learning Developer,"Articulate, HTML, CSS, JavaScript, LMS, SCORM, Instructional Design, Adobe Captivate, Video Editing, Python"
Operations Research Analyst,"Python, R, MATLAB, Excel, Statistics, Linear Programming, Optimization Tools, Data Analysis, Simulation, Tableau"
Digital Marketing Specialist,"Google Ads, Facebook Ads, SEO, HTML, CSS, JavaScript, Analytics, Content Strategy, Python, A/B Testing"
Sound Engineer,"Pro Tools, Logic Pro, Ableton Live, Python, Audio Editing, Mixing, Sound Design, Signal Processing, MIDI Programming, Acoustics"
Research Scientist,"Python, MATLAB, R, Data Analysis, Simulation, Machine Learning, Statistics, Modeling Tools, Computational Methods, Visualization"
HR Data Analyst,"SQL, Python, Tableau, Excel, HRIS Tools, Data Cleaning, Reporting, Data Visualization, ETL, Statistics"
AI Ethics Specialist,"Python, Ethics Frameworks, AI Regulations, Machine Learning, Data Privacy, TensorFlow, R, Statistics, Governance, NLP"
Quantum Computing Researcher,"Quantum Algorithms, Qiskit, Python, Linear Algebra, Quantum Hardware, Simulation Tools, TensorFlow, Physics, C++, MATLAB"
3D Printing Specialist,"CAD, 3D Modeling, Additive Manufacturing, SolidWorks, Python, CAM, Rendering, Material Science, Printing Software, Prototyping"
Environmental Data Analyst,"Python, R, SQL, Geospatial Analysis, Tableau, Data Visualization, Environmental Modeling, Climate Data, Statistics, MATLAB"
Mobile Security Analyst,"Kali Linux, Android Security, iOS Security, Reverse Engineering, Python, Encryption, Penetration Testing, Secure Coding, Wireshark, Malware Analysis"
Game Tester,"Game Engines, Debugging Tools, QA Processes, Test Automation, Unity, Unreal Engine, Python, C#, User Testing, Reporting"
Digital Twin Engineer,"IoT, Digital Twins, Python, Cloud Platforms, Data Analytics, Simulation Tools, Networking, Sensors, Machine Learning, Edge Computing"
VR Environment Designer,"Unity, Unreal Engine, C#, Blender, Python, 3D Modeling, VR Design, OpenGL, Maya, Shader Programming"
Bioinformatics Scientist,"Python, R, Genomic Data Analysis, Machine Learning, Bioinformatics Tools, Data Visualization, SAS, Statistics, Sequencing Tools, Pandas"
Agile Coach,"Agile Methodology, Scrum, Kanban, JIRA, Confluence, Team Leadership, Software Development, Risk Management, Communication, Metrics"
CRM Developer,"SQL, Salesforce, Dynamics 365, JavaScript, Python, APIs, CRM Configuration, Data Modeling, Automation Tools, Reporting"
Smart Grid Engineer,"MATLAB, Python, SCADA, Grid Modeling, Renewable Energy Systems, Networking, Cloud Platforms, Sensors, IoT, Data Analysis"
Satellite Engineer,"Python, MATLAB, Satellite Design, Control Systems, Embedded Systems, Signal Processing, Communication Protocols, CAD, Space Systems, Electronics"
Autonomous Vehicle Engineer,"Python, ROS, C++, Computer Vision, Autonomous Systems, Deep Learning, LIDAR, SLAM, Embedded Systems, Simulation Tools"
Edge Computing Specialist,"Edge Computing, IoT, Python, Cloud Platforms, Kubernetes, Docker, Networking, Data Analytics, AI Models, Security"
Renewable Energy Analyst,"Python, R, Tableau, SQL, Renewable Energy Systems, Data Visualization, Statistical Analysis, MATLAB, Forecasting, Environmental Modeling"
Natural Language Processing Engineer,"Python, TensorFlow, PyTorch, NLP Libraries, Data Cleaning, Data Preprocessing, Machine Translation, Text Mining, R, Deployment"
Video Game Story Writer,"Creative Writing, Narrative Design, Game Engines, Scripting, Python, C#, Storyboarding, Dialog Writing, Plot Structuring, Team Collaboration"
IT Compliance Manager,"IT Auditing, Compliance Frameworks, Risk Management, Python, Data Governance, Encryption, SIEM Tools, Reporting, Cybersecurity, Documentation"
Data Governance Specialist,"SQL, Python, Data Governance Frameworks, Compliance Standards, Data Modeling, Reporting, ETL Tools, Metadata Management, Tableau, Excel"
